olay,mmsi,enlem,boylam,isim
Sinyal kesme,219035786,57.740877,10.303827,BZL122 UNCREWED
Sinyal kesme,246873000,57.80127,10.503993,EEMS DUNDEE
Sinyal kesme,265793820,57.625797,11.801132,LIBRA
Sinyal kesme,265793820,57.625575,11.801377,LIBRA
Sinyal kesme,265793820,57.616322,11.798235,LIBRA
Sinyal kesme,265793820,57.625778,11.800732,LIBRA
İmkânsız hız,218019000,56.907293,11.78097,SEACOD
İmkânsız hız,218019000,56.864168,11.782447,SEACOD
Yan yana durma,215989000,57.64113192896825,10.67629047420635,FEZZAN
Yan yana durma,219019067,57.69535122142857,10.627136871428572,GAIA NORDIC
Yan yana durma,219019067,57.685285802020196,10.591313574747476,GAIA NORDIC
Yan yana durma,219355000,57.60023804338624,11.671502798412698,AMAK SWAN
Yan yana durma,219355000,57.607289933333334,11.693365492592593,AMAK SWAN
Yan yana durma,219355000,57.60531678571429,11.690766550000001,AMAK SWAN
Yan yana durma,219355000,57.59819183950617,11.690545235802468,AMAK SWAN
Yan yana durma,219355000,57.58396487,11.667367256153845,AMAK SWAN
Yan yana durma,219355000,57.577195855,11.66510184,AMAK SWAN
Yan yana durma,220614000,57.54323906596671,11.647492686342593,COPENHAGEN
Yan yana durma,220614000,57.58192247619047,11.679018903650794,COPENHAGEN
Yan yana durma,220614000,57.658702517592594,10.631689098456789,COPENHAGEN
Yan yana durma,220614000,57.64080170555555,10.629819194565217,COPENHAGEN
Yan yana durma,220614000,57.66745798745276,10.704393618442932,COPENHAGEN
Yan yana durma,220614000,57.588950788814486,11.669573016840276,COPENHAGEN
Yan yana durma,228432600,57.68259031078431,10.647504313235295,GORDONWATERS KNUTSEN
Yan yana durma,228432600,57.68274665,10.6478002325,GORDONWATERS KNUTSEN
Yan yana durma,228432600,57.684540391666665,10.647278749404762,GORDONWATERS KNUTSEN
Yan yana durma,232051710,57.571050083974356,11.659983789102565,OCEAN BAY
Yan yana durma,241988000,57.552464056818174,11.578139939393939,ROTMISTRZ WITOLD PIL
Yan yana durma,244464000,57.599565164285714,11.676196010714287,ARIANE
Yan yana durma,244689000,57.60576766666667,11.692269527777777,DROGDENBANK
Yan yana durma,244784000,57.67486950925926,11.681936273148148,BITLAND
Yan yana durma,244828000,57.60565164285714,11.689548613095239,LAUWERSBORG
Yan yana durma,247273700,57.58974288194444,11.673295069444444,LISCA NERA M
Yan yana durma,255806048,57.56999146790123,11.581664967901235,NORDORINOCO
Yan yana durma,256717000,57.597492491666664,11.705263518421054,NORE
Yan yana durma,256717000,57.593462634848485,11.688768782575757,NORE
Yan yana durma,256717000,57.57681544766865,11.67927702748016,NORE
Yan yana durma,256717000,57.57576995432099,11.66303968896605,NORE
Yan yana durma,256717000,57.59270477745098,11.68298128995098,NORE
Yan yana durma,256768000,57.543150815625,11.651227925,NAVA DIONYSSOS
Yan yana durma,257089150,57.66281078243244,10.673889317567568,EAGLE BALDER
Yan yana durma,257527000,57.58960133492063,11.68211496984127,SAGA IKEBANA
Yan yana durma,257960000,57.692319137234044,10.699432876950356,SINDRE KNUTSEN
Yan yana durma,258121000,57.603240664285714,11.691924531746032,FLOYEN
Yan yana durma,258914000,57.57549152692308,11.663076509615385,YARA AESA
Yan yana durma,265012140,57.68219908358586,10.649195309848485,VINGAREN
Yan yana durma,265012140,57.59899546964286,11.686407510648147,VINGAREN
Yan yana durma,265012140,57.62913550333333,10.674194569861111,VINGAREN
Yan yana durma,265012140,57.57661341052632,11.667258392105262,VINGAREN
Yan yana durma,265012140,57.570056370652175,11.658021735144928,VINGAREN
Yan yana durma,265525670,57.59924823412699,11.793685540873016,ANNA LORD
Yan yana durma,265525670,57.59924556322752,11.79368009100529,ANNA LORD
Yan yana durma,265549210,57.707467625438596,11.662821560233919,LOTE
Yan yana durma,265550210,57.5968512311828,11.787722232258066,TANKSKAR
Yan yana durma,265550210,57.59357114561403,11.667614033333333,TANKSKAR
Yan yana durma,265550210,57.56865465892857,11.58588548607143,TANKSKAR
Yan yana durma,265550210,57.575129186309525,11.670219306547619,TANKSKAR
Yan yana durma,266203000,57.582450171428576,11.683391906015038,FOX SUNRISE
Yan yana durma,266203000,57.565374510185194,11.671916037962964,FOX SUNRISE
Yan yana durma,266203000,57.638349015833334,10.707223491666667,FOX SUNRISE
Yan yana durma,266203000,57.65839347222222,10.66267253472222,FOX SUNRISE
Yan yana durma,266203000,57.667632464814815,10.582849724074073,FOX SUNRISE
Yan yana durma,266472000,57.66542598042328,10.612291112169313,SAGAFJORD
